,Location,BHK,Sq.ft,Floor,Price
0,Bommanahalli,3,3000,3,28000
1,Bommanahalli,3,1650,0,18000
2,Whitefield,2,1000,3,16400
3,Whitefield,3,1600,9,27000
4,Whitefield,2,1200,1,20000
5,Whitefield,3,1760,8,39500
6,Whitefield,3,1870,3,35000
7,Whitefield,3,2200,10,42000
8,Whitefield,3,2100,7,28000
9,Whitefield,3,1704,13,35000
10,Whitefield,2,1326,3,21000
11,Whitefield,2,1000,3,16400
12,Whitefield,2,1088,1,14000
13,Bommanahalli,3,1744,2,22000
14,Whitefield,2,1060,1,16000
15,Bommanahalli,2,950,1,14000
16,Whitefield,3,3155,1,45000
17,Bommanahalli,3,3000,3,28000
18,Whitefield,2,1280,3,23000
19,Whitefield,3,3155,1,45000
20,Whitefield,3,1760,8,39500
21,Bommanahalli,2,1033,0,16500
22,Bommanahalli,2,1135,2,16000
23,Bommanahalli,3,1471,3,21000
24,Whitefield,2,1000,3,18000
25,Whitefield,3,2292,12,39000
26,Whitefield,2,1290,10,26000
27,Whitefield,2,1290,10,26000
28,Bommanahalli,2,1089,2,15500
29,Bommanahalli,3,1250,1,20000
30,Bommanahalli,2,1089,2,15500
31,Bommanahalli,2,1300,3,20000
32,Whitefield,3,2180,11,35000
33,Whitefield,2,1060,1,17000
34,Bommanahalli,2,1089,2,15500
35,Whitefield,2,1200,1,20000
36,Whitefield,2,1088,1,14000
37,Whitefield,3,2180,11,35000
38,Whitefield,2,1326,3,21000
39,Whitefield,3,2100,7,28000
40,Whitefield,2,1568,3,28000
41,Whitefield,3,1600,9,27000
42,Whitefield,2,1600,4,24000
43,Whitefield,2,1060,1,17000
44,Bommanahalli,2,1089,2,15500
45,Bommanahalli,2,1033,0,16500
46,Whitefield,3,1600,9,27000
47,Bommanahalli,2,1089,2,15500
48,Whitefield,2,1088,1,14000
49,Whitefield,3,1768,11,30000
50,Whitefield,2,1060,1,16000
51,Whitefield,2,1245,1,25000
52,Bommanahalli,3,1250,1,20000
53,Whitefield,3,1768,11,30000
54,Whitefield,3,2292,12,39000
55,Whitefield,2,1600,4,24000
56,Bommanahalli,3,1250,1,20000
57,Bommanahalli,3,1650,0,18000
58,Whitefield,2,1000,3,16400
59,Bommanahalli,2,1200,4,19000
60,Whitefield,3,1704,13,35000
61,Bommanahalli,3,1744,2,22000
62,Bommanahalli,2,1089,2,15500
63,Whitefield,2,1280,3,23000
64,Whitefield,3,2200,10,42000
65,Whitefield,3,2100,7,28000
66,Whitefield,3,2292,12,39000
67,Bommanahalli,2,950,1,14000
68,Bommanahalli,2,1089,2,15500
69,Bommanahalli,2,1251,3,19500
70,Whitefield,2,1290,10,26000
71,Whitefield,2,1088,1,14000
72,Bommanahalli,2,1200,4,19000
73,Bommanahalli,2,950,1,14000
74,Bommanahalli,2,1400,2,22000
75,Whitefield,3,2180,11,35000
76,Whitefield,2,1200,1,20000
77,Whitefield,3,1768,11,30000
78,Bommanahalli,3,1500,1,22000
79,Whitefield,2,1290,10,26000
80,Bommanahalli,3,1381,4,22000
81,Bommanahalli,2,960,3,11000
82,Bommanahalli,3,3000,3,28000
83,Whitefield,3,1675,4,26000
84,Bommanahalli,3,1250,1,20000
85,Whitefield,3,1600,9,27000
86,Bommanahalli,2,1300,3,20000
87,Bommanahalli,2,1251,3,19500
88,Whitefield,3,2117,0,33000
89,Whitefield,2,1290,10,26000
90,Whitefield,3,2200,10,42000
91,Bommanahalli,2,1089,2,15500
92,Whitefield,2,1290,10,26000
93,Bommanahalli,2,950,1,14000
94,Whitefield,2,1088,1,14000
95,Bommanahalli,2,1135,2,16000
96,Whitefield,3,2117,0,33000
97,Bommanahalli,2,950,1,14000
98,Bommanahalli,2,1300,3,20000
99,Whitefield,2,1600,4,24000
100,Whitefield,2,1290,10,26000
101,Whitefield,2,1326,3,21000
102,Bommanahalli,3,1250,1,20000
103,Whitefield,2,1060,1,17000
104,Whitefield,3,1768,11,30000
105,Whitefield,3,2100,7,28000
106,Whitefield,2,1060,1,17000
107,Whitefield,2,1060,1,16000
108,Whitefield,2,1245,1,25000
109,Whitefield,2,1060,1,16000
110,Whitefield,2,1333,3,26000
111,Whitefield,2,1000,3,16400
112,Bommanahalli,2,960,3,11000
113,Whitefield,2,1245,1,25000
114,Whitefield,3,1760,8,39500
115,Whitefield,2,1088,1,14000
116,Whitefield,2,1060,1,17000
117,Whitefield,3,1600,9,27000
118,Whitefield,3,1760,8,39500
119,Whitefield,2,1000,3,16400
120,Bommanahalli,3,1650,0,18000
121,Whitefield,3,3155,1,45000
122,Bommanahalli,2,1089,2,15500
123,Bommanahalli,3,1381,4,22000
124,Bommanahalli,3,1500,1,22000
125,Whitefield,2,1088,1,14000
126,Bommanahalli,3,1744,2,22000
127,Whitefield,3,2292,12,39000
128,Bommanahalli,3,1460,2,25000
129,Whitefield,2,1280,3,23000
130,Bommanahalli,2,1300,3,20000
131,Whitefield,2,1060,1,17000
132,Whitefield,3,2117,0,33000
133,Whitefield,2,1290,10,26000
134,Whitefield,2,1568,3,28000
135,Whitefield,2,1088,1,14000
136,Whitefield,2,1600,4,24000
137,Whitefield,3,2117,0,33000
138,Bommanahalli,2,1135,2,16000
139,Whitefield,3,3155,1,45000
140,Bommanahalli,2,1300,3,20000
141,Whitefield,2,1000,3,16400
142,Whitefield,2,1326,3,21000
143,Bommanahalli,2,1089,2,15500
144,Bommanahalli,2,1089,2,15500
145,Whitefield,2,1600,4,24000
146,Whitefield,2,1280,3,23000
147,Bommanahalli,2,767,3,16000
148,Whitefield,2,1333,3,26000
149,Bommanahalli,2,1050,2,18000
150,Bommanahalli,2,1135,2,16000
151,Bommanahalli,3,1500,1,22000
152,Bommanahalli,2,1251,3,19500
153,Whitefield,3,2117,0,33000
154,Bommanahalli,2,1300,3,20000
155,Bommanahalli,2,1089,2,15500
156,Whitefield,2,1280,3,23000
157,Whitefield,3,2180,11,35000
158,Whitefield,2,1060,1,16000
159,Whitefield,2,1333,3,26000
160,Whitefield,2,1088,1,14000
161,Bommanahalli,3,1500,1,22000
162,Bommanahalli,3,1460,2,25000
163,Whitefield,3,2200,10,42000
164,Whitefield,3,1870,3,35000
165,Whitefield,2,1568,3,28000
166,Bommanahalli,2,1033,0,16500
167,Whitefield,3,3155,1,45000
168,Bommanahalli,3,1460,2,25000
169,Whitefield,3,2180,11,35000
170,Bommanahalli,3,3000,3,28000
171,Whitefield,2,1060,1,17000
172,Bommanahalli,3,1250,1,20000
173,Bommanahalli,2,767,3,16000
174,Whitefield,3,3155,1,45000
175,Whitefield,3,2117,0,33000
176,Bommanahalli,2,1300,3,20000
177,Bommanahalli,2,950,1,14000
178,Whitefield,2,1245,1,25000
179,Bommanahalli,3,1500,1,22000
180,Bommanahalli,2,1300,3,20000
181,Whitefield,3,1675,4,26000
182,Bommanahalli,2,950,1,14000
183,Bommanahalli,3,1250,1,20000
184,Whitefield,2,1000,3,18000
185,Whitefield,2,1060,1,17000
186,Whitefield,3,3155,1,45000
187,Bommanahalli,3,1650,0,18000
188,Whitefield,2,1060,1,16000
189,Whitefield,2,1060,1,17000
190,Whitefield,3,2200,10,42000
191,Whitefield,2,1600,4,24000
192,Whitefield,2,1200,1,20000
193,Whitefield,2,1333,3,26000
194,Whitefield,2,1088,1,14000
195,Whitefield,3,1870,3,35000
196,Bommanahalli,3,1381,4,22000
197,Bommanahalli,3,3000,3,28000
198,Whitefield,2,1245,1,25000
199,Bommanahalli,2,1400,2,22000
200,Whitefield,2,1060,1,17000
201,Bommanahalli,2,960,3,11000
202,Bommanahalli,3,1250,1,20000
203,Bommanahalli,3,1250,1,20000
204,Bommanahalli,2,1089,2,15500
205,Whitefield,2,1060,1,17000
206,Bommanahalli,2,1400,2,22000
207,Whitefield,2,1000,3,18000
208,Bommanahalli,3,1744,2,22000
209,Whitefield,2,1290,10,26000
210,Whitefield,3,1704,13,35000
211,Bommanahalli,2,1135,2,16000
212,Bommanahalli,2,1033,0,16500
213,Bommanahalli,3,1744,2,22000
214,Whitefield,3,1768,11,30000
215,Whitefield,2,1333,3,26000
216,Whitefield,2,1000,3,18000
217,Bommanahalli,2,950,1,14000
218,Whitefield,3,2100,7,28000
219,Bommanahalli,3,1471,3,21000
220,Whitefield,3,1760,8,39500
221,Bommanahalli,3,1460,2,25000
222,Bommanahalli,3,1471,3,21000
223,Bommanahalli,2,767,3,16000
224,Whitefield,2,1333,3,26000
225,Whitefield,3,3155,1,45000
226,Whitefield,3,1675,4,26000
227,Bommanahalli,3,1460,2,25000
228,Bommanahalli,2,1300,3,20000
229,Bommanahalli,2,1135,2,16000
230,Whitefield,2,1280,3,23000
231,Bommanahalli,3,1375,3,19000
232,Bommanahalli,2,1135,2,16000
233,Bommanahalli,2,1089,2,15500
234,Whitefield,3,2117,0,33000
235,Whitefield,3,1600,9,27000
236,Bommanahalli,3,1744,2,22000
237,Bommanahalli,3,1460,2,25000
238,Bommanahalli,2,1300,3,20000
239,Whitefield,3,1600,9,27000
240,Whitefield,3,3155,1,45000
241,Whitefield,2,1060,1,17000
242,Whitefield,3,2200,10,42000
243,Bommanahalli,2,1089,2,15500
244,Whitefield,3,2100,7,28000
245,Bommanahalli,2,1050,2,18000
246,Whitefield,3,1675,4,26000
247,Whitefield,2,1600,4,24000
248,Bommanahalli,3,1250,1,20000
249,Bommanahalli,2,1033,0,16500
250,Whitefield,3,3155,1,45000
251,Bommanahalli,2,1050,2,18000
252,Whitefield,3,2200,10,42000
253,Bommanahalli,2,1089,2,15500
254,Bommanahalli,2,960,3,11000
255,Whitefield,2,1000,3,18000
256,Whitefield,3,1675,4,26000
257,Bommanahalli,2,1200,4,19000
258,Bommanahalli,3,1650,0,18000
259,Whitefield,3,2180,11,35000
260,Whitefield,2,1088,1,14000
261,Bommanahalli,3,1460,2,25000
262,Bommanahalli,2,1089,2,15500
263,Bommanahalli,2,950,1,14000
264,Bommanahalli,2,1251,3,19500
265,Bommanahalli,3,1381,4,22000
266,Bommanahalli,3,1381,4,22000
267,Bommanahalli,2,1300,3,20000
268,Whitefield,3,1675,4,26000
269,Whitefield,3,1768,11,30000
270,Whitefield,2,1600,4,24000
271,Whitefield,3,1675,4,26000
272,Bommanahalli,3,3000,3,28000
273,Bommanahalli,2,1089,2,15500
274,Bommanahalli,3,1250,1,20000
275,Bommanahalli,2,1089,2,15500
276,Bommanahalli,3,1500,1,22000
277,Whitefield,3,1870,3,35000
278,Whitefield,3,2200,10,42000
279,Bommanahalli,3,1250,1,20000
280,Whitefield,2,1290,10,26000
281,Bommanahalli,2,1300,3,20000
282,Bommanahalli,2,1033,0,16500
283,Whitefield,3,2117,0,33000
284,Whitefield,2,1333,3,26000
285,Whitefield,2,1600,4,24000
286,Bommanahalli,2,1251,3,19500
287,Bommanahalli,2,1089,2,15500
288,Whitefield,2,1568,3,28000
289,Whitefield,3,2292,12,39000
290,Whitefield,3,2100,7,28000
291,Whitefield,2,1000,3,18000
292,Whitefield,2,1568,3,28000
293,Bommanahalli,3,1500,1,22000
294,Bommanahalli,3,1460,2,25000
295,Whitefield,2,1568,3,28000
296,Bommanahalli,2,1135,2,16000
297,Whitefield,3,2180,11,35000
298,Bommanahalli,3,1250,1,20000
299,Bommanahalli,2,1089,2,15500
300,Whitefield,3,2117,0,33000
301,Whitefield,2,1060,1,17000
302,Whitefield,2,1060,1,16000
303,Bommanahalli,2,950,1,14000
304,Bommanahalli,3,1250,1,20000
305,Bommanahalli,3,1460,2,25000
306,Bommanahalli,3,1460,2,25000
307,Bommanahalli,2,1050,2,18000
308,Bommanahalli,2,1089,2,15500
309,Whitefield,3,2100,7,28000
310,Whitefield,3,2180,11,35000
311,Whitefield,3,1704,13,35000
312,Whitefield,3,1675,4,26000
313,Whitefield,2,1200,1,20000
314,Bommanahalli,3,1460,2,25000
315,Bommanahalli,2,1135,2,16000
316,Bommanahalli,2,1089,2,15500
317,Whitefield,3,2117,0,33000
318,Whitefield,3,2292,12,39000
319,Whitefield,2,1290,10,26000
320,Whitefield,2,1000,3,18000
321,Whitefield,2,1245,1,25000
322,Bommanahalli,2,950,1,14000
323,Whitefield,3,1768,11,30000
324,Whitefield,2,1600,4,24000
325,Whitefield,3,1704,13,35000
326,Bommanahalli,2,950,1,14000
327,Whitefield,3,2200,10,42000
328,Whitefield,2,1088,1,14000
329,Whitefield,2,1000,3,18000
330,Whitefield,2,1060,1,17000
331,Whitefield,3,2200,10,42000
332,Bommanahalli,2,950,1,14000
333,Whitefield,3,3155,1,45000
334,Whitefield,2,1245,1,25000
335,Bommanahalli,2,950,1,14000
336,Bommanahalli,3,1471,3,21000
337,Bommanahalli,2,1050,2,18000
338,Bommanahalli,3,3000,3,28000
339,Whitefield,3,2180,11,35000
340,Bommanahalli,2,960,3,11000
341,Whitefield,2,1000,3,16400
342,Whitefield,2,1000,3,16400
343,Bommanahalli,2,1200,4,19000
344,Whitefield,2,1000,3,16400
345,Whitefield,2,1088,1,14000
346,Whitefield,2,1290,10,26000
347,Bommanahalli,3,1500,1,22000
348,Bommanahalli,3,1650,0,18000
349,Whitefield,2,1000,3,16400
350,Bommanahalli,3,1250,1,20000
351,Bommanahalli,2,960,3,11000
352,Bommanahalli,3,1460,2,25000
353,Whitefield,3,1870,3,35000
354,Bommanahalli,2,1251,3,19500
355,Bommanahalli,2,767,3,16000
356,Bommanahalli,3,1650,0,18000
357,Bommanahalli,2,1200,4,19000
358,Whitefield,3,1870,3,35000
359,Whitefield,2,1200,1,20000
360,Bommanahalli,2,950,1,14000
361,Bommanahalli,2,960,3,11000
362,Bommanahalli,3,1650,0,18000
363,Whitefield,2,1326,3,21000
364,Whitefield,2,1280,3,23000
365,Bommanahalli,2,1089,2,15500
366,Bommanahalli,2,1300,3,20000
367,Bommanahalli,2,1200,4,19000
368,Whitefield,3,3155,1,45000
369,Bommanahalli,2,1089,2,15500
370,Bommanahalli,3,1500,1,22000
371,Whitefield,3,2100,7,28000
372,Whitefield,3,2180,11,35000
373,Bommanahalli,2,1251,3,19500
374,Whitefield,3,1768,11,30000
375,Whitefield,2,1060,1,16000
376,Whitefield,2,1000,3,16400
377,Bommanahalli,3,1500,1,22000
378,Bommanahalli,3,1250,1,20000
379,Whitefield,3,1675,4,26000
380,Bommanahalli,2,1089,2,15500
381,Bommanahalli,3,1460,2,25000
382,Whitefield,2,1060,1,16000
383,Whitefield,2,1060,1,17000
384,Bommanahalli,3,1381,4,22000
385,Whitefield,2,1290,10,26000
386,Whitefield,3,2180,11,35000
387,Whitefield,2,1333,3,26000
388,Bommanahalli,2,1135,2,16000
389,Bommanahalli,2,1033,0,16500
390,Bommanahalli,3,1375,3,19000
391,Whitefield,2,1200,1,20000
392,Bommanahalli,2,1089,2,15500
393,Whitefield,2,1600,4,24000
394,Bommanahalli,3,1744,2,22000
395,Bommanahalli,3,1471,3,21000
396,Whitefield,2,1000,3,16400
397,Whitefield,2,1280,3,23000
398,Bommanahalli,2,1033,0,16500
399,Whitefield,3,1760,8,39500
400,Bommanahalli,2,1089,2,15500
401,Bommanahalli,3,1381,4,22000
402,Bommanahalli,3,1460,2,25000
403,Whitefield,3,1704,13,35000
404,Bommanahalli,2,1089,2,15500
405,Bommanahalli,2,1033,0,16500
406,Whitefield,3,3155,1,45000
407,Bommanahalli,3,1460,2,25000
408,Bommanahalli,2,1089,2,15500
409,Whitefield,2,1568,3,28000
410,Whitefield,2,1333,3,26000
411,Whitefield,2,1245,1,25000
412,Bommanahalli,3,1471,3,21000
413,Bommanahalli,3,1381,4,22000
414,Bommanahalli,3,1744,2,22000
415,Bommanahalli,2,950,1,14000
416,Whitefield,3,1704,13,35000
417,Bommanahalli,2,960,3,11000
418,Whitefield,3,1600,9,27000
419,Bommanahalli,2,1135,2,16000
420,Whitefield,2,1333,3,26000
421,Bommanahalli,3,1460,2,25000
422,Whitefield,2,1060,1,17000
423,Bommanahalli,2,1089,2,15500
424,Bommanahalli,3,1381,4,22000
425,Bommanahalli,3,1381,4,22000
426,Bommanahalli,2,1400,2,22000
427,Whitefield,2,1280,3,23000
428,Bommanahalli,2,767,3,16000
429,Bommanahalli,3,1250,1,20000
430,Bommanahalli,2,950,1,14000
431,Bommanahalli,2,1400,2,22000
432,Bommanahalli,2,950,1,14000
433,Bommanahalli,3,1500,1,22000
434,Bommanahalli,3,1460,2,25000
435,Bommanahalli,3,3000,3,28000
436,Whitefield,2,1333,3,26000
437,Bommanahalli,2,1251,3,19500
438,Bommanahalli,2,1135,2,16000
439,Whitefield,2,1000,3,18000
440,Whitefield,3,1760,8,39500
441,Bommanahalli,2,1033,0,16500
442,Bommanahalli,2,1200,4,19000
443,Bommanahalli,2,1400,2,22000
444,Whitefield,2,1245,1,25000
445,Whitefield,3,1704,13,35000
446,Bommanahalli,2,1135,2,16000
447,Bommanahalli,3,3000,3,28000
448,Bommanahalli,2,1089,2,15500
449,Bommanahalli,3,1744,2,22000
450,Bommanahalli,2,1400,2,22000
451,Bommanahalli,2,1033,0,16500
452,Whitefield,3,1760,8,39500
453,Whitefield,3,2180,11,35000
454,Whitefield,2,1060,1,16000
455,Bommanahalli,2,1300,3,20000
456,Whitefield,2,1000,3,18000
457,Bommanahalli,3,1381,4,22000
458,Whitefield,2,1290,10,26000
459,Whitefield,3,1760,8,39500
460,Bommanahalli,3,1460,2,25000
461,Bommanahalli,2,1300,3,20000
462,Bommanahalli,2,950,1,14000
463,Bommanahalli,2,960,3,11000
464,Bommanahalli,3,1250,1,20000
465,Bommanahalli,3,1250,1,20000
466,Whitefield,3,2100,7,28000
467,Whitefield,3,2180,11,35000
468,Bommanahalli,2,767,3,16000
469,Whitefield,2,1060,1,16000
470,Bommanahalli,3,1381,4,22000
471,Whitefield,2,1280,3,23000
472,Bommanahalli,2,960,3,11000
473,Bommanahalli,2,1135,2,16000
474,Bommanahalli,3,3000,3,28000
475,Bommanahalli,3,1250,1,20000
476,Bommanahalli,2,1089,2,15500
477,Bommanahalli,2,950,1,14000
478,Whitefield,2,1088,1,14000
479,Whitefield,2,1245,1,25000
480,Whitefield,3,1704,13,35000
481,Bommanahalli,3,1500,1,22000
482,Bommanahalli,3,1471,3,21000
483,Whitefield,3,1760,8,39500
484,Whitefield,2,1000,3,18000
485,Bommanahalli,2,1400,2,22000
486,Bommanahalli,2,1089,2,15500
487,Whitefield,3,1600,9,27000
488,Bommanahalli,2,1400,2,22000
489,Bommanahalli,3,1460,2,25000
490,Bommanahalli,2,1089,2,15500
491,Whitefield,2,1290,10,26000
492,Whitefield,2,1333,3,26000
493,Bommanahalli,2,1135,2,16000
494,Whitefield,3,2100,7,28000
495,Bommanahalli,3,1500,1,22000
496,Whitefield,2,1000,3,16400
497,Whitefield,2,1568,3,28000
498,Bommanahalli,2,767,3,16000
499,Whitefield,3,2117,0,33000
500,Bommanahalli,2,1135,2,16000
501,Bommanahalli,2,1089,2,15500
502,Whitefield,3,1760,8,39500
503,Whitefield,3,1870,3,35000
504,Whitefield,2,1568,3,28000
505,Whitefield,3,1870,3,35000
506,Bommanahalli,2,1033,0,16500
507,Whitefield,3,2180,11,35000
508,Whitefield,2,1000,3,18000
509,Whitefield,2,1290,10,26000
510,Whitefield,2,1568,3,28000
511,Whitefield,3,2117,0,33000
512,Whitefield,3,1600,9,27000
513,Bommanahalli,3,1460,2,25000
514,Whitefield,3,1675,4,26000
515,Whitefield,2,1000,3,16400
516,Bommanahalli,2,950,1,14000
517,Whitefield,2,1060,1,17000
518,Whitefield,3,1704,13,35000
519,Whitefield,3,2292,12,39000
520,Whitefield,2,1600,4,24000
521,Bommanahalli,2,960,3,11000
522,Whitefield,3,2292,12,39000
523,Whitefield,3,1768,11,30000
524,Whitefield,2,1000,3,16400
525,Whitefield,2,1333,3,26000
526,Whitefield,2,1000,3,16400
527,Bommanahalli,2,1300,3,20000
528,Bommanahalli,2,1300,3,20000
529,Whitefield,3,2200,10,42000
530,Bommanahalli,3,1381,4,22000
531,Whitefield,3,2117,0,33000
532,Whitefield,2,1000,3,16400
533,Whitefield,2,1280,3,23000
534,Bommanahalli,2,1089,2,15500
535,Whitefield,3,1870,3,35000
536,Whitefield,3,1704,13,35000
537,Bommanahalli,3,1375,3,19000
538,Bommanahalli,2,1300,3,20000
539,Bommanahalli,3,1650,0,18000
540,Bommanahalli,2,1050,2,18000
541,Bommanahalli,3,1375,3,19000
542,Bommanahalli,3,1650,0,18000
543,Bommanahalli,3,1460,2,25000
544,Bommanahalli,2,1050,2,18000
545,Whitefield,2,1600,4,24000
546,Whitefield,3,2200,10,42000
547,Whitefield,2,1245,1,25000
548,Whitefield,3,1675,4,26000
549,Whitefield,2,1060,1,17000
550,Bommanahalli,2,767,3,16000
551,Whitefield,3,2292,12,39000
552,Bommanahalli,3,1500,1,22000
553,Whitefield,3,1768,11,30000
554,Bommanahalli,2,1251,3,19500
555,Bommanahalli,2,1251,3,19500
556,Bommanahalli,2,1033,0,16500
557,Whitefield,2,1000,3,18000
558,Whitefield,2,1280,3,23000
559,Bommanahalli,3,1250,1,20000
560,Bommanahalli,3,1250,1,20000
561,Bommanahalli,3,1460,2,25000
562,Whitefield,2,1568,3,28000
563,Whitefield,3,1870,3,35000
564,Bommanahalli,3,1250,1,20000
565,Bommanahalli,2,960,3,11000
566,Whitefield,3,1600,9,27000
567,Bommanahalli,2,1400,2,22000
568,Whitefield,3,1870,3,35000
569,Whitefield,3,1870,3,35000
570,Whitefield,2,1088,1,14000
571,Whitefield,2,1000,3,18000
572,Bommanahalli,3,3000,3,28000
573,Bommanahalli,2,1089,2,15500
574,Whitefield,2,1000,3,18000
575,Bommanahalli,2,767,3,16000
576,Bommanahalli,2,960,3,11000
577,Whitefield,2,1060,1,17000
578,Bommanahalli,2,1089,2,15500
579,Bommanahalli,3,1650,0,18000
580,Bommanahalli,2,950,1,14000
581,Whitefield,2,1200,1,20000
582,Whitefield,3,1768,11,30000
583,Whitefield,3,1768,11,30000
584,Whitefield,3,1768,11,30000
585,Bommanahalli,2,767,3,16000
586,Bommanahalli,3,1460,2,25000
587,Whitefield,3,1704,13,35000
588,Bommanahalli,2,1135,2,16000
589,Bommanahalli,3,3000,3,28000
590,Whitefield,3,2100,7,28000
591,Bommanahalli,3,3000,3,28000
592,Bommanahalli,3,1471,3,21000
593,Whitefield,2,1280,3,23000
594,Whitefield,2,1000,3,18000
595,Bommanahalli,3,1500,1,22000
596,Whitefield,2,1060,1,16000
597,Bommanahalli,2,1135,2,16000
598,Whitefield,3,2117,0,33000
599,Bommanahalli,2,1300,3,20000
600,Bommanahalli,2,950,1,14000
601,Bommanahalli,3,1471,3,21000
602,Whitefield,2,1280,3,23000
603,Bommanahalli,3,1381,4,22000
604,Bommanahalli,3,1471,3,21000
605,Bommanahalli,3,1500,1,22000
606,Bommanahalli,2,1135,2,16000
607,Bommanahalli,3,1471,3,21000
608,Bommanahalli,3,1500,1,22000
609,Bommanahalli,2,1200,4,19000
610,Bommanahalli,2,960,3,11000
611,Bommanahalli,2,1033,0,16500
612,Whitefield,2,1000,3,16400
613,Whitefield,2,1568,3,28000
614,Whitefield,2,1088,1,14000
615,Bommanahalli,2,960,3,11000
616,Whitefield,2,1088,1,14000
617,Whitefield,3,1675,4,26000
618,Bommanahalli,2,1300,3,20000
619,Whitefield,2,1000,3,16400
620,Bommanahalli,3,1250,1,20000
621,Bommanahalli,2,1300,3,20000
622,Bommanahalli,2,1089,2,15500
623,Whitefield,3,2180,11,35000
624,Whitefield,3,1870,3,35000
625,Bommanahalli,2,960,3,11000
626,Bommanahalli,3,1375,3,19000
627,Bommanahalli,2,1089,2,15500
628,Whitefield,3,2180,11,35000
629,Whitefield,2,1000,3,16400
630,Bommanahalli,3,1744,2,22000
631,Whitefield,3,2180,11,35000
632,Bommanahalli,3,1250,1,20000
633,Whitefield,2,1280,3,23000
634,Bommanahalli,3,1471,3,21000
635,Bommanahalli,3,1471,3,21000
636,Whitefield,2,1280,3,23000
637,Bommanahalli,3,1375,3,19000
638,Bommanahalli,3,1250,1,20000
639,Bommanahalli,2,1251,3,19500
640,Whitefield,3,1675,4,26000
641,Bommanahalli,3,1471,3,21000
642,Bommanahalli,3,1744,2,22000
643,Bommanahalli,3,1650,0,18000
644,Whitefield,3,2180,11,35000
645,Whitefield,3,2200,10,42000
646,Whitefield,2,1088,1,14000
647,Bommanahalli,3,1460,2,25000
648,Bommanahalli,2,1135,2,16000
649,Whitefield,3,1675,4,26000
650,Bommanahalli,2,960,3,11000
651,Bommanahalli,3,1650,0,18000
652,Whitefield,3,1675,4,26000
653,Whitefield,3,2200,10,42000
654,Whitefield,2,1060,1,16000
655,Whitefield,2,1600,4,24000
656,Whitefield,3,2180,11,35000
657,Whitefield,3,1760,8,39500
658,Bommanahalli,3,3000,3,28000
659,Whitefield,2,1326,3,21000
660,Bommanahalli,3,1471,3,21000
661,Whitefield,3,2200,10,42000
662,Bommanahalli,2,1251,3,19500
663,Whitefield,3,2180,11,35000
664,Bommanahalli,3,1744,2,22000
665,Bommanahalli,2,1033,0,16500
666,Whitefield,3,2180,11,35000
667,Bommanahalli,3,1744,2,22000
668,Bommanahalli,3,1500,1,22000
669,Whitefield,2,1280,3,23000
670,Bommanahalli,2,1400,2,22000
671,Bommanahalli,2,1050,2,18000
672,Whitefield,3,1704,13,35000
673,Whitefield,2,1568,3,28000
674,Bommanahalli,3,1650,0,18000
675,Whitefield,2,1600,4,24000
676,Bommanahalli,3,1250,1,20000
677,Whitefield,3,2100,7,28000
678,Bommanahalli,3,1460,2,25000
679,Bommanahalli,2,767,3,16000
680,Whitefield,2,1280,3,23000
681,Whitefield,2,1088,1,14000
682,Whitefield,2,1000,3,18000
683,Bommanahalli,3,1381,4,22000
684,Bommanahalli,2,1200,4,19000
685,Bommanahalli,2,1300,3,20000
686,Whitefield,2,1326,3,21000
687,Bommanahalli,3,1460,2,25000
688,Whitefield,2,1600,4,24000
689,Whitefield,3,2180,11,35000
690,Bommanahalli,2,1251,3,19500
691,Bommanahalli,2,1089,2,15500
692,Whitefield,2,1245,1,25000
693,Whitefield,3,2292,12,39000
694,Whitefield,3,1768,11,30000
695,Bommanahalli,3,1460,2,25000
696,Whitefield,2,1280,3,23000
697,Bommanahalli,2,767,3,16000
698,Whitefield,3,1760,8,39500
699,Whitefield,3,1760,8,39500
700,Whitefield,2,1000,3,16400
701,Whitefield,3,2292,12,39000
702,Bommanahalli,3,1744,2,22000
703,Whitefield,3,2100,7,28000
704,Bommanahalli,2,950,1,14000
705,Bommanahalli,2,1400,2,22000
706,Whitefield,2,1088,1,14000
707,Whitefield,2,1088,1,14000
708,Bommanahalli,2,767,3,16000
709,Whitefield,2,1088,1,14000
710,Bommanahalli,2,1251,3,19500
711,Whitefield,3,2292,12,39000
712,Whitefield,3,1870,3,35000
713,Bommanahalli,3,1500,1,22000
714,Whitefield,2,1000,3,16400
715,Bommanahalli,3,1744,2,22000
716,Bommanahalli,2,1300,3,20000
717,Whitefield,2,1245,1,25000
718,Bommanahalli,2,1135,2,16000
719,Whitefield,2,1088,1,14000
720,Bommanahalli,2,1135,2,16000
721,Bommanahalli,2,1089,2,15500
722,Bommanahalli,2,950,1,14000
723,Bommanahalli,2,1089,2,15500
724,Bommanahalli,2,767,3,16000
725,Whitefield,2,1326,3,21000
726,Whitefield,2,1060,1,17000
727,Bommanahalli,3,1250,1,20000
728,Whitefield,2,1245,1,25000
729,Bommanahalli,2,960,3,11000
730,Bommanahalli,3,1250,1,20000
731,Whitefield,3,3155,1,45000
732,Bommanahalli,2,767,3,16000
733,Whitefield,2,1326,3,21000
734,Bommanahalli,3,1375,3,19000
735,Bommanahalli,3,1250,1,20000
736,Bommanahalli,3,1250,1,20000
737,Bommanahalli,2,1135,2,16000
738,Whitefield,3,1760,8,39500
739,Bommanahalli,3,1460,2,25000
740,Bommanahalli,3,1375,3,19000
741,Whitefield,2,1333,3,26000
742,Whitefield,3,1768,11,30000
743,Bommanahalli,2,1300,3,20000
744,Whitefield,3,2117,0,33000
745,Bommanahalli,2,1300,3,20000
746,Bommanahalli,2,767,3,16000
747,Whitefield,3,1870,3,35000
748,Whitefield,3,2100,7,28000
749,Bommanahalli,3,3000,3,28000
750,Bommanahalli,2,950,1,14000
751,Whitefield,3,1600,9,27000
752,Bommanahalli,3,1650,0,18000
753,Bommanahalli,2,1050,2,18000
754,Whitefield,2,1600,4,24000
755,Whitefield,3,1704,13,35000
756,Bommanahalli,2,1300,3,20000
757,Bommanahalli,2,1300,3,20000
758,Bommanahalli,2,1089,2,15500
759,Whitefield,2,1600,4,24000
760,Whitefield,2,1245,1,25000
761,Bommanahalli,2,960,3,11000
762,Bommanahalli,2,950,1,14000
763,Bommanahalli,3,1460,2,25000
764,Whitefield,3,2292,12,39000
765,Bommanahalli,2,1300,3,20000
766,Bommanahalli,3,1744,2,22000
767,Whitefield,2,1600,4,24000
768,Bommanahalli,3,1250,1,20000
769,Bommanahalli,2,1033,0,16500
770,Bommanahalli,2,950,1,14000
771,Bommanahalli,2,1300,3,20000
772,Bommanahalli,2,1400,2,22000
773,Bommanahalli,2,767,3,16000
774,Whitefield,2,1060,1,16000
775,Whitefield,2,1326,3,21000
776,Bommanahalli,3,1375,3,19000
777,Whitefield,2,1088,1,14000
778,Whitefield,2,1060,1,17000
779,Whitefield,3,1768,11,30000
780,Bommanahalli,2,1135,2,16000
781,Whitefield,3,2200,10,42000
782,Bommanahalli,3,1471,3,21000
783,Whitefield,2,1333,3,26000
784,Bommanahalli,2,1089,2,15500
785,Whitefield,3,1675,4,26000
786,Bommanahalli,2,1300,3,20000
787,Whitefield,2,1280,3,23000
788,Bommanahalli,2,1400,2,22000
789,Bommanahalli,2,1251,3,19500
790,Bommanahalli,2,1089,2,15500
791,Bommanahalli,2,1300,3,20000
792,Bommanahalli,3,1250,1,20000
793,Bommanahalli,2,950,1,14000
794,Whitefield,3,1675,4,26000
795,Bommanahalli,2,1089,2,15500
796,Whitefield,3,3155,1,45000
797,Bommanahalli,2,1400,2,22000
798,Bommanahalli,2,950,1,14000
799,Whitefield,3,2292,12,39000
800,Whitefield,2,1200,1,20000
801,Whitefield,3,2100,7,28000
802,Bommanahalli,2,1200,4,19000
803,Whitefield,2,1245,1,25000
804,Whitefield,3,2117,0,33000
805,Whitefield,2,1245,1,25000
806,Bommanahalli,2,767,3,16000
807,Bommanahalli,3,1250,1,20000
808,Bommanahalli,3,3000,3,28000
809,Bommanahalli,3,1650,0,18000
810,Bommanahalli,3,1500,1,22000
811,Bommanahalli,2,767,3,16000
812,Bommanahalli,3,1375,3,19000
813,Bommanahalli,2,1089,2,15500
814,Whitefield,2,1088,1,14000
815,Whitefield,3,1870,3,35000
816,Whitefield,2,1060,1,16000
817,Whitefield,2,1290,10,26000
818,Whitefield,3,2180,11,35000
819,Bommanahalli,2,1033,0,16500
820,Bommanahalli,3,1500,1,22000
821,Bommanahalli,3,1375,3,19000
822,Bommanahalli,3,3000,3,28000
823,Bommanahalli,3,1250,1,20000
824,Whitefield,2,1290,10,26000
825,Bommanahalli,2,1135,2,16000
826,Bommanahalli,3,1381,4,22000
827,Whitefield,2,1333,3,26000
828,Whitefield,3,2117,0,33000
829,Whitefield,3,3155,1,45000
830,Whitefield,3,2100,7,28000
831,Whitefield,3,1704,13,35000
832,Bommanahalli,2,1089,2,15500
833,Whitefield,3,1768,11,30000
834,Whitefield,2,1000,3,18000
835,Bommanahalli,2,1050,2,18000
836,Bommanahalli,3,1460,2,25000
837,Whitefield,3,1870,3,35000
838,Bommanahalli,3,1250,1,20000
839,Whitefield,3,2117,0,33000
840,Bommanahalli,3,1650,0,18000
841,Bommanahalli,2,950,1,14000
842,Bommanahalli,2,960,3,11000
843,Bommanahalli,2,767,3,16000
844,Whitefield,3,1600,9,27000
845,Whitefield,3,2292,12,39000
846,Bommanahalli,3,1500,1,22000
847,Bommanahalli,2,1300,3,20000
848,Bommanahalli,2,1089,2,15500
849,Bommanahalli,2,767,3,16000
850,Whitefield,2,1088,1,14000
851,Bommanahalli,2,767,3,16000
852,Whitefield,2,1000,3,18000
853,Whitefield,2,1060,1,17000
854,Bommanahalli,3,1650,0,18000
855,Whitefield,2,1245,1,25000
856,Bommanahalli,3,1381,4,22000
857,Whitefield,2,1000,3,16400
858,Bommanahalli,2,1200,4,19000
859,Whitefield,2,1280,3,23000
860,Bommanahalli,3,3000,3,28000
861,Bommanahalli,3,1460,2,25000
862,Whitefield,2,1000,3,16400
863,Bommanahalli,2,1089,2,15500
864,Bommanahalli,3,1460,2,25000
865,Bommanahalli,2,950,1,14000
866,Bommanahalli,3,3000,3,28000
867,Whitefield,2,1326,3,21000
868,Bommanahalli,2,1050,2,18000
869,Bommanahalli,2,1089,2,15500
870,Bommanahalli,3,1650,0,18000
871,Whitefield,3,2100,7,28000
872,Whitefield,3,2200,10,42000
873,Bommanahalli,2,1135,2,16000
874,Bommanahalli,2,1400,2,22000
875,Whitefield,2,1060,1,16000
876,Bommanahalli,3,1250,1,20000
877,Bommanahalli,2,1300,3,20000
878,Bommanahalli,2,1200,4,19000
879,Whitefield,3,3155,1,45000
880,Bommanahalli,3,1250,1,20000
881,Whitefield,2,1326,3,21000
882,Whitefield,3,1704,13,35000
883,Bommanahalli,2,950,1,14000
884,Whitefield,3,1675,4,26000
885,Bommanahalli,2,1089,2,15500
886,Whitefield,3,2100,7,28000
887,Bommanahalli,2,1033,0,16500
888,Bommanahalli,2,1089,2,15500
889,Whitefield,2,1245,1,25000
890,Bommanahalli,2,767,3,16000
891,Whitefield,2,1326,3,21000
892,Bommanahalli,2,950,1,14000
893,Bommanahalli,3,1250,1,20000
894,Whitefield,2,1000,3,16400
895,Bommanahalli,3,1460,2,25000
896,Whitefield,2,1280,3,23000
897,Whitefield,2,1060,1,17000
898,Whitefield,2,1060,1,17000
899,Whitefield,2,1600,4,24000
900,Bommanahalli,2,1050,2,18000
901,Bommanahalli,2,1200,4,19000
902,Whitefield,3,1675,4,26000
903,Bommanahalli,3,1500,1,22000
904,Bommanahalli,2,1251,3,19500
905,Whitefield,3,2200,10,42000
906,Bommanahalli,3,3000,3,28000
907,Bommanahalli,3,1250,1,20000
908,Bommanahalli,2,1300,3,20000
909,Bommanahalli,3,1381,4,22000
910,Bommanahalli,2,1251,3,19500
911,Bommanahalli,2,950,1,14000
912,Whitefield,2,1326,3,21000
913,Bommanahalli,2,1300,3,20000
914,Bommanahalli,2,1089,2,15500
915,Bommanahalli,3,3000,3,28000
916,Whitefield,2,1088,1,14000
917,Bommanahalli,3,1460,2,25000
918,Bommanahalli,2,1300,3,20000
919,Bommanahalli,3,1650,0,18000
920,Bommanahalli,2,1089,2,15500
921,Whitefield,3,1870,3,35000
922,Whitefield,2,1326,3,21000
923,Bommanahalli,2,767,3,16000
924,Bommanahalli,2,1089,2,15500
925,Whitefield,2,1280,3,23000
926,Bommanahalli,3,1250,1,20000
927,Whitefield,2,1568,3,28000
928,Whitefield,2,1280,3,23000
929,Bommanahalli,3,1375,3,19000
930,Whitefield,2,1088,1,14000
931,Whitefield,2,1245,1,25000
932,Whitefield,2,1280,3,23000
933,Bommanahalli,2,950,1,14000
934,Bommanahalli,2,1050,2,18000
935,Bommanahalli,2,960,3,11000
936,Whitefield,2,1200,1,20000
937,Whitefield,3,2292,12,39000
938,Whitefield,2,1060,1,17000
939,Whitefield,2,1290,10,26000
940,Bommanahalli,3,1375,3,19000
941,Bommanahalli,3,3000,3,28000
942,Whitefield,3,2100,7,28000
943,Whitefield,2,1280,3,23000
944,Bommanahalli,3,1375,3,19000
945,Whitefield,2,1326,3,21000
946,Whitefield,3,3155,1,45000
947,Whitefield,2,1000,3,18000
948,Bommanahalli,2,1089,2,15500
949,Whitefield,3,2292,12,39000
950,Bommanahalli,2,950,1,14000
951,Whitefield,3,1675,4,26000
952,Bommanahalli,2,960,3,11000
953,Bommanahalli,2,1135,2,16000
954,Whitefield,3,1600,9,27000
955,Bommanahalli,3,1744,2,22000
956,Whitefield,2,1000,3,16400
957,Bommanahalli,2,950,1,14000
958,Bommanahalli,3,1250,1,20000
959,Whitefield,3,1760,8,39500
960,Whitefield,3,1600,9,27000
961,Whitefield,3,2117,0,33000
962,Whitefield,2,1290,10,26000
963,Whitefield,2,1600,4,24000
964,Bommanahalli,2,950,1,14000
965,Whitefield,2,1280,3,23000
966,Whitefield,2,1280,3,23000
967,Whitefield,3,1870,3,35000
968,Bommanahalli,2,1089,2,15500
969,Bommanahalli,2,1033,0,16500
970,Bommanahalli,2,950,1,14000
971,Whitefield,2,1245,1,25000
972,Whitefield,2,1200,1,20000
973,Bommanahalli,2,1033,0,16500
974,Whitefield,2,1060,1,17000
975,Whitefield,2,1280,3,23000
976,Whitefield,2,1290,10,26000
977,Bommanahalli,3,1744,2,22000
978,Bommanahalli,3,1375,3,19000
979,Bommanahalli,2,767,3,16000
980,Whitefield,2,1000,3,18000
981,Bommanahalli,2,1089,2,15500
982,Bommanahalli,2,1400,2,22000
983,Bommanahalli,3,1250,1,20000
984,Whitefield,3,1600,9,27000
985,Whitefield,2,1326,3,21000
986,Whitefield,3,2180,11,35000
987,Whitefield,2,1333,3,26000
988,Whitefield,3,2180,11,35000
989,Whitefield,2,1326,3,21000
990,Whitefield,3,1600,9,27000
991,Whitefield,2,1088,1,14000
992,Bommanahalli,3,1460,2,25000
993,Whitefield,2,1290,10,26000
994,Whitefield,2,1060,1,17000
995,Bommanahalli,3,1460,2,25000
996,Whitefield,3,2100,7,28000
997,Bommanahalli,2,1033,0,16500
998,Bommanahalli,3,1500,1,22000
999,Whitefield,3,1768,11,30000
